{
  "best_val_loss_per_run": {
    "run_00": 1.014631,
    "run_01": 0.805981,
    "run_02": 0.76418,
    "run_03": 0.833117,
    "run_04": 0.770581,
    "run_05": 0.721658,
    "run_06": 0.814217,
    "run_07": 0.55284,
    "run_08": 0.553055,
    "run_09": 0.528062,
    "run_10": 0.815992,
    "run_11": 0.874678,
    "run_12": 0.907511,
    "run_13": 0.558096,
    "run_14": 0.805001,
    "run_15": 0.640895,
    "run_16": 0.906512,
    "run_17": 0.924177,
    "run_18": 0.690884,
    "run_19": 0.57335,
    "run_20": 0.990238,
    "run_21": 0.893355,
    "run_22": 0.561501,
    "run_23": 0.627028,
    "run_24": 0.922142,
    "run_25": 0.870678,
    "run_26": 0.486063,
    "run_27": 0.7811,
    "run_28": 0.613709,
    "run_29": 0.603018,
    "run_30": 0.704496,
    "run_31": 0.62646,
    "run_32": 0.646101,
    "run_33": 0.651009,
    "run_34": 0.4875,
    "run_35": 0.923753,
    "run_36": 0.573442,
    "run_37": 1.012704,
    "run_38": 0.634643,
    "run_39": 0.512509,
    "run_40": 0.839928,
    "run_41": 0.585852,
    "run_42": 0.493746,
    "run_43": 0.972458,
    "run_44": 0.861377,
    "run_45": 0.826538,
    "run_46": 0.795124,
    "run_47": 0.708257,
    "run_48": 0.737051,
    "run_49": 0.732298
  }
}
