run_id,val_acc
run_089904,0.985748
run_016559,0.98282
run_032991,0.98042
run_008136,0.979109
run_031423,0.977871
run_029413,0.975455
run_066624,0.973391
run_022473,0.972136
run_033439,0.969913
run_008770,0.96754
run_016468,0.964827
run_048711,0.963618
run_038647,0.962221
run_059218,0.959788
run_087259,0.957966
run_077627,0.955663
run_070917,0.953143
run_043725,0.952695
run_062266,0.95011
run_045028,0.941957
