{
  "1": 1.4142135623730951,
  "2": 3.0,
  "3": 0.5,
  "4": 1.0,
  "5": 0.0,
  "6": 12.0,
  "7": 1.6487212706822216,
  "8": 1000.0,
  "9": 0.01,
  "10": 4.159326868617084
}