{
  "x_star": 37.007533648300171,
  "f_x_star": 7.461853009958714e-14,
  "evaluations": 47
}
