{
  "per_group": [
    {
      "group": "alpha",
      "n": 150,
      "rmse": 0.47184076044114903,
      "mae": 0.3767668838839334,
      "r2": 0.9505595026378345
    },
    {
      "group": "beta",
      "n": 150,
      "rmse": 1.5914120216405283,
      "mae": 1.2519112898900002,
      "r2": 0.7173894058366076
    },
    {
      "group": "delta",
      "n": 150,
      "rmse": 0.20512359390160403,
      "mae": 0.16472799153975898,
      "r2": 0.9611069530804351
    },
    {
      "group": "gamma",
      "n": 150,
      "rmse": 2.1156097179318825,
      "mae": 1.6630521014224064,
      "r2": 0.77859842965123
    }
  ],
  "overall": {
    "n": 600,
    "rmse": 1.34843484206863,
    "mae": 0.8641145666840248,
    "r2": 0.9825283604363279
  }
}
