{
  "f1": 1.4142135623730958,
  "f2": 1.750786722680147,
  "f3": 0.68232780382802,
  "f4": 0.78539816339745,
  "f5": 1.6094379124340987
}