{
  "per_class": [
    {
      "class": 0,
      "support": 300,
      "precision": 0.8343023255813954,
      "recall": 0.9566666666666667,
      "f1": 0.8913043478260869
    },
    {
      "class": 1,
      "support": 250,
      "precision": 0.7984496124031008,
      "recall": 0.824,
      "f1": 0.8110236220472441
    },
    {
      "class": 2,
      "support": 200,
      "precision": 0.7696629213483146,
      "recall": 0.685,
      "f1": 0.7248677248677249
    },
    {
      "class": 3,
      "support": 150,
      "precision": 0.7166666666666667,
      "recall": 0.5733333333333334,
      "f1": 0.6370370370370371
    }
  ],
  "macro_avg": {
    "precision": 0.7797703814998693,
    "recall": 0.7597499999999999,
    "f1": 0.7660581829445232
  },
  "weighted_avg": {
    "precision": 0.7903729833831742,
    "recall": 0.7955555555555556,
    "f1": 0.7896403448763751
  },
  "accuracy": 0.7955555555555556
}
