run_id,val_acc
run_008730,0.984461
run_002008,0.983158
run_004676,0.98071
run_004041,0.979266
run_009975,0.977593
run_007525,0.975352
run_006959,0.973294
run_005332,0.971445
run_006719,0.969144
run_007887,0.968139
run_009946,0.965071
run_008451,0.964225
run_000793,0.962222
run_000355,0.960157
run_007192,0.958234
run_008466,0.955291
run_004501,0.954525
run_003995,0.951756
run_001573,0.950552
run_004941,0.944835
