run_id,val_acc
run_000272,0.984997
run_000841,0.9826
run_000552,0.981804
run_000361,0.979803
run_000416,0.977341
run_000442,0.974567
run_000380,0.973911
run_000639,0.971671
run_000209,0.969112
run_000468,0.967607
run_000546,0.965916
run_000430,0.963992
run_000905,0.962031
run_000670,0.959522
run_000101,0.957577
run_000295,0.956308
run_000951,0.953686
run_000458,0.952059
run_000213,0.949921
run_000822,0.938628
