{
  "accuracy": 0.844,
  "precision": 0.7740384615384616,
  "recall": 0.8385416666666666,
  "f1": 0.805
}
