{
  "best_val_loss_per_run": {
    "run_00": 0.654902,
    "run_01": 0.938475,
    "run_02": 1.072861,
    "run_03": 0.688009,
    "run_04": 0.954206,
    "run_05": 0.748033,
    "run_06": 0.651285,
    "run_07": 0.611782,
    "run_08": 0.89945,
    "run_09": 0.865812,
    "run_10": 0.853493,
    "run_11": 0.749282,
    "run_12": 0.990642,
    "run_13": 0.643453,
    "run_14": 0.548139,
    "run_15": 0.940429,
    "run_16": 0.701206,
    "run_17": 0.574708,
    "run_18": 0.66016,
    "run_19": 0.729179,
    "run_20": 0.56703,
    "run_21": 0.997069,
    "run_22": 0.581352,
    "run_23": 0.812069,
    "run_24": 1.073371,
    "run_25": 0.98128,
    "run_26": 0.746427,
    "run_27": 0.565048,
    "run_28": 0.626354,
    "run_29": 0.948734,
    "run_30": 0.900939,
    "run_31": 0.825433,
    "run_32": 0.669276,
    "run_33": 0.890784,
    "run_34": 0.523156,
    "run_35": 0.803507,
    "run_36": 0.863304,
    "run_37": 0.740071,
    "run_38": 0.980085,
    "run_39": 0.743163,
    "run_40": 0.908917,
    "run_41": 0.578765,
    "run_42": 0.869625,
    "run_43": 0.778289,
    "run_44": 0.745931,
    "run_45": 0.785216,
    "run_46": 0.659449,
    "run_47": 0.905359,
    "run_48": 0.617891,
    "run_49": 0.556041
  },
  "convergence_step_per_run": {
    "run_00": 17550,
    "run_01": 17517,
    "run_02": 11613,
    "run_03": 13946,
    "run_04": 17382,
    "run_05": 13321,
    "run_06": 16953,
    "run_07": 17151,
    "run_08": 17701,
    "run_09": 17295,
    "run_10": 12378,
    "run_11": 17258,
    "run_12": 12771,
    "run_13": 17176,
    "run_14": 17247,
    "run_15": 17305,
    "run_16": 16982,
    "run_17": 17846,
    "run_18": 11865,
    "run_19": 16771,
    "run_20": 17450,
    "run_21": 12170,
    "run_22": 13824,
    "run_23": 17327,
    "run_24": 11512,
    "run_25": 11220,
    "run_26": 17637,
    "run_27": 17386,
    "run_28": 16966,
    "run_29": 17805,
    "run_30": 16940,
    "run_31": 17886,
    "run_32": 17799,
    "run_33": 17412,
    "run_34": 17819,
    "run_35": 11652,
    "run_36": 16625,
    "run_37": 17303,
    "run_38": 11131,
    "run_39": 17363,
    "run_40": 11334,
    "run_41": 17105,
    "run_42": 17480,
    "run_43": 17390,
    "run_44": 16592,
    "run_45": 12660,
    "run_46": 17128,
    "run_47": 17466,
    "run_48": 17124,
    "run_49": 14402
  },
  "mean_train_val_gap": 0.115634
}
