{
  "best_val_loss_per_run": {
    "run_00": 0.650535,
    "run_01": 0.820016,
    "run_02": 0.568485,
    "run_03": 0.823007,
    "run_04": 0.75756,
    "run_05": 0.556809,
    "run_06": 0.864832,
    "run_07": 0.671567,
    "run_08": 0.957934,
    "run_09": 0.798643,
    "run_10": 0.63959,
    "run_11": 0.555377,
    "run_12": 0.72629,
    "run_13": 0.931418,
    "run_14": 0.827302,
    "run_15": 0.912224,
    "run_16": 0.593914,
    "run_17": 0.891423,
    "run_18": 0.574582,
    "run_19": 0.833112,
    "run_20": 1.023239,
    "run_21": 0.69362,
    "run_22": 0.595822,
    "run_23": 0.617436,
    "run_24": 0.671478,
    "run_25": 0.504166,
    "run_26": 0.698499,
    "run_27": 0.585476,
    "run_28": 0.816145,
    "run_29": 0.644416,
    "run_30": 0.47842,
    "run_31": 0.668655,
    "run_32": 0.5063,
    "run_33": 0.715006,
    "run_34": 0.787587,
    "run_35": 0.682704,
    "run_36": 1.015276,
    "run_37": 0.933401,
    "run_38": 0.884437,
    "run_39": 0.912137,
    "run_40": 0.992437,
    "run_41": 0.519783,
    "run_42": 1.006337,
    "run_43": 0.743202,
    "run_44": 1.005175,
    "run_45": 0.822245,
    "run_46": 0.92731,
    "run_47": 0.90835,
    "run_48": 0.5594,
    "run_49": 0.547622
  },
  "convergence_step_per_run": {
    "run_00": 35091,
    "run_01": 23728,
    "run_02": 34603,
    "run_03": 35021,
    "run_04": 34992,
    "run_05": 34409,
    "run_06": 34856,
    "run_07": 33655,
    "run_08": 35088,
    "run_09": 34653,
    "run_10": 26135,
    "run_11": 34744,
    "run_12": 33362,
    "run_13": 26842,
    "run_14": 34003,
    "run_15": 23842,
    "run_16": 28866,
    "run_17": 35084,
    "run_18": 25630,
    "run_19": 35810,
    "run_20": 23557,
    "run_21": 25961,
    "run_22": 34567,
    "run_23": 35183,
    "run_24": 35269,
    "run_25": 34991,
    "run_26": 34202,
    "run_27": 35027,
    "run_28": 35446,
    "run_29": 34988,
    "run_30": 34086,
    "run_31": 34825,
    "run_32": 33504,
    "run_33": 34099,
    "run_34": 34795,
    "run_35": 27580,
    "run_36": 27617,
    "run_37": 34448,
    "run_38": 26689,
    "run_39": 34332,
    "run_40": 25224,
    "run_41": 33956,
    "run_42": 26325,
    "run_43": 34234,
    "run_44": 27632,
    "run_45": 33715,
    "run_46": 23755,
    "run_47": 34572,
    "run_48": 35110,
    "run_49": 34943
  },
  "mean_train_val_gap": 0.108551,
  "overfit_onset_per_run": {
    "run_00": -1,
    "run_01": 27285,
    "run_02": -1,
    "run_03": -1,
    "run_04": -1,
    "run_05": -1,
    "run_06": -1,
    "run_07": -1,
    "run_08": -1,
    "run_09": -1,
    "run_10": 30045,
    "run_11": -1,
    "run_12": -1,
    "run_13": 30150,
    "run_14": -1,
    "run_15": 28415,
    "run_16": 33226,
    "run_17": -1,
    "run_18": 29762,
    "run_19": -1,
    "run_20": 28435,
    "run_21": 29269,
    "run_22": -1,
    "run_23": -1,
    "run_24": -1,
    "run_25": -1,
    "run_26": -1,
    "run_27": -1,
    "run_28": -1,
    "run_29": -1,
    "run_30": -1,
    "run_31": -1,
    "run_32": -1,
    "run_33": -1,
    "run_34": -1,
    "run_35": 32235,
    "run_36": 31788,
    "run_37": -1,
    "run_38": 30889,
    "run_39": -1,
    "run_40": 29523,
    "run_41": -1,
    "run_42": 30455,
    "run_43": -1,
    "run_44": 31681,
    "run_45": -1,
    "run_46": 28145,
    "run_47": -1,
    "run_48": -1,
    "run_49": -1
  },
  "best_run_overall": "run_30"
}
