{
  "outlier_indices": [
    49,
    99,
    149,
    199,
    249,
    299,
    349,
    399,
    449,
    499
  ],
  "n_iterations": 2,
  "final_intercept": 3.0016230663838566,
  "final_coefficients": [
    1.9977469152842282,
    -1.5115946289520779,
    0.4996846796766652
  ],
  "final_rmse": 0.17366644088510083
}
